"","motivation.prob.","motivation.welfare.","benefitForNonAcademy","impulseForNonAcad.soc.","impulseForNonAcad.econ.","impulseForNonAcad.ecol.","impulseForNonAcad.health.","impulseForNonAcad.tech.","groupsInvolved.busi.","groupsInvolved.civsoc.","groupsInvolved.policy.","groupsInvolved.citiz.","groupsInvolved.media.","groupsInvolved.welfare.","natureOfInvolvement.res.","natureOfInvolvement.busi.","natureOfInvolvement.civsoc.","natureOfInvolvement.policy.","natureOfInvolvement.citiz.","natureOfInvolvement.media.","natureOfInvolvement.welfare.","targetGroupsGoals.socneeds.","targetGroupsGoals.socgroups.","targetGroupsGoals.improve.","targetGroupsGoals.empower.","targetGroupsGoals.diversity.","concepts3","impactTargetGroup.pub.","impactTargetGroup.busi.","impactTargetGroup.socgr.","impactTargetGroup.welfare.","impactTargetGroup.civsoc.","impactTargetGroup.policy.","kindOfChange.pub.","kindOfChange.busi.","kindOfChange.socgr.","kindOfChange.welfare.","kindOfChange.civsoc.","kindOfChange.policy.","adoptByPolicy.rate.","adoptByPolicyHow.SQ001.","adoptByPolicyHow.SQ002.","adoptByPolicyHow.SQ003.","Impactstatements.capab.","Impactstatements.emanc.","Impactstatements.understanding.","Impactstatements.mitig.","Impactstatements.unknown.","Impactstatements.unaddressed.","dissChannels.peer.","dissChannels.mono.","dissChannels.conf.","dissChannels.policy.","dissChannels.trad.","dissChannels.prof.","dissChannels.web.","dissChannels.socmed.","dissChannels.platf.","dissChannels.consult.","dissChannels.events.","dissChannels.public.","scalabilityRating.up.","scalabilityRating.out."
"motivation.prob.",1,0.33,0.19,0.02,0.06,0.03,-0.01,0.11,0.11,0.06,0.12,0.01,0.03,0.11,0.07,0.06,0.01,0.09,0,0.03,0.13,0.11,0.1,0.19,0.16,0.05,0.12,0.15,0.17,0.12,0.06,0.12,0.12,0.05,0.14,0.11,0.09,0.07,0.09,0.14,0.03,0.07,0.05,0.14,0.14,0.09,0.14,0.14,0.18,0.02,-0.09,0.02,0.06,0.01,0.15,0,0.1,-0.05,0.1,0.19,0.01,0.18,0.1
"motivation.welfare.",0.33,1,0.63,0.28,0.07,0,0.38,-0.06,0.18,0.26,0.22,0.22,0.11,0.29,0.17,0.12,0.18,0.19,0.19,0.06,0.3,0.41,0.31,0.58,0.4,0.23,0.35,0.5,0.22,0.35,0.34,0.32,0.34,0.25,0.16,0.24,0.27,0.22,0.24,0.28,0.13,0.16,0.11,0.41,0.35,0.36,0.41,0.26,0.15,0.05,-0.01,0.06,0.11,0.08,0.17,0.06,0.17,0.01,0.13,0.27,0.09,0.4,0.35
"benefitForNonAcademy",0.19,0.63,1,0.27,0.11,0.02,0.22,0.01,0.26,0.26,0.3,0.29,0.2,0.35,0.21,0.17,0.18,0.2,0.22,0.04,0.29,0.46,0.32,0.68,0.51,0.48,0.41,0.57,0.24,0.37,0.41,0.31,0.42,0.29,0.21,0.32,0.31,0.27,0.36,0.43,0.21,0.22,0.16,0.45,0.38,0.34,0.37,0.28,0.17,0,0.07,0.06,0.2,0.2,0.29,0.11,0.16,0.02,0.23,0.38,0.18,0.45,0.42
"impulseForNonAcad.soc.",0.02,0.28,0.27,1,0.13,-0.1,-0.16,-0.13,-0.07,0.38,0.36,0.3,0.12,0.3,-0.05,-0.1,0.19,0.24,0.24,0.18,0.26,0.4,0.34,0.16,0.43,0.33,0.31,0.16,-0.07,0.39,0.23,0.32,0.36,0.16,-0.03,0.31,0.21,0.27,0.3,0.25,0.16,0.17,0.03,0.28,0.36,0.59,0.36,0.35,0.14,-0.08,0.18,0,0.15,0.09,0.2,-0.09,-0.02,-0.09,0.11,0.25,0.03,0.11,0.24
"impulseForNonAcad.econ.",0.06,0.07,0.11,0.13,1,0.02,-0.18,-0.02,0.22,0.03,0.18,0.02,0.08,-0.08,-0.1,0.11,-0.07,0.23,-0.04,0.15,-0.01,0.04,0,0.09,0.09,0.09,0.15,0.16,0.27,0.04,-0.06,0.17,0.26,0.18,0.25,0.1,-0.05,0.06,0.24,0.18,0.13,0.18,0.08,0.17,0.07,0.18,0.2,0.09,0.05,0.02,-0.03,-0.01,0.19,0.1,0.15,-0.01,0.06,0.04,0.06,0.11,0,0.14,0.15
"impulseForNonAcad.ecol.",0.03,0,0.02,-0.1,0.02,1,-0.07,0.05,0.01,0.01,0.17,0.03,0.08,-0.12,0.11,-0.02,0.01,0.06,-0.03,-0.09,-0.11,-0.03,-0.1,0.04,0,0.07,0.17,0.1,0.06,-0.12,-0.05,0.1,0.25,0.06,0.05,-0.05,-0.06,0.02,0.2,0.14,0.18,-0.01,0.08,0.11,-0.05,0,0.01,0.09,0.09,0.06,0.06,0.01,-0.02,0.13,-0.02,0.07,0.02,0.09,0.08,0,0.03,0.08,0.17
"impulseForNonAcad.health.",-0.01,0.38,0.22,-0.16,-0.18,-0.07,1,-0.07,0.16,-0.08,-0.13,0.03,-0.1,0.15,0.2,0.19,-0.08,-0.15,0,-0.09,0.08,0.14,0.12,0.3,-0.07,-0.05,-0.03,0.18,0.06,0.05,0.18,-0.1,-0.1,0.02,-0.02,0.03,0.08,-0.1,-0.08,-0.02,0.04,-0.08,0.08,0.04,-0.04,-0.09,0.02,-0.08,-0.07,0.1,-0.13,0.03,-0.05,-0.01,-0.02,0.05,0.06,0.01,0,0,0.07,0.08,0.07
"impulseForNonAcad.tech.",0.11,-0.06,0.01,-0.13,-0.02,0.05,-0.07,1,0.03,-0.15,-0.05,-0.01,-0.02,0.02,0.12,0.05,-0.12,-0.06,-0.03,-0.04,-0.02,-0.06,-0.09,0.01,0.01,-0.06,-0.17,0.04,0.2,-0.09,-0.06,-0.13,-0.1,0.05,0.12,0.02,-0.03,-0.13,-0.08,0.01,0,-0.04,-0.08,0.03,0,-0.15,-0.09,-0.01,0.07,0.04,-0.07,0.08,-0.03,0.03,-0.02,0.06,0.08,0.04,-0.01,-0.07,0.07,0.09,-0.06
"groupsInvolved.busi.",0.11,0.18,0.26,-0.07,0.22,0.01,0.16,0.03,1,0.12,0.11,0.18,0.19,0.08,0.15,0.78,0.12,0.04,0.16,0.05,0.11,0.17,0.05,0.2,0.14,0.09,0.13,0.29,0.5,0.08,0.13,0.02,0.18,0.21,0.39,0.07,0.02,0.04,0.12,0.21,0.12,0.08,0.15,0.31,0.19,0.06,0.15,0.12,0.05,0.01,-0.04,0.02,0.14,0.11,0.19,0.08,0.15,0.07,0.2,0.16,0.09,0.28,0.26
"groupsInvolved.civsoc.",0.06,0.26,0.26,0.38,0.03,0.01,-0.08,-0.15,0.12,1,0.48,0.44,0.15,0.3,0.08,0.09,0.69,0.33,0.39,-0.01,0.15,0.32,0.32,0.21,0.41,0.34,0.37,0.13,0.05,0.43,0.24,0.57,0.34,0.07,0.03,0.21,0.16,0.45,0.28,0.33,0.22,0.18,0.08,0.35,0.43,0.39,0.35,0.27,0.12,-0.1,0.2,0,0.19,0.08,0.12,0.01,0.06,0,0.15,0.33,0.03,0.12,0.19
"groupsInvolved.policy.",0.12,0.22,0.3,0.36,0.18,0.17,-0.13,-0.05,0.11,0.48,1,0.28,0.27,0.3,0.11,0.1,0.24,0.59,0.19,0.11,0.13,0.34,0.29,0.23,0.39,0.35,0.51,0.21,0.08,0.32,0.26,0.38,0.62,0.02,0.05,0.26,0.25,0.29,0.51,0.63,0.33,0.34,0.16,0.34,0.39,0.4,0.39,0.36,0.19,-0.02,0.22,0,0.43,0.17,0.23,0.06,0.09,-0.02,0.15,0.33,0.06,0.24,0.32
"groupsInvolved.citiz.",0.01,0.22,0.29,0.3,0.02,0.03,0.03,-0.01,0.18,0.44,0.28,1,0.26,0.41,0.24,0.14,0.35,0.21,0.63,0.09,0.37,0.4,0.42,0.25,0.41,0.37,0.27,0.28,0.14,0.41,0.42,0.36,0.28,0.12,0.07,0.3,0.25,0.31,0.21,0.28,0.25,0.14,0,0.42,0.46,0.41,0.39,0.31,0.21,-0.01,0.24,0.18,0.17,0.13,0.25,0.1,0.16,0.04,0.17,0.32,0.18,0.22,0.3
"groupsInvolved.media.",0.03,0.11,0.2,0.12,0.08,0.08,-0.1,-0.02,0.19,0.15,0.27,0.26,1,0.25,0.22,0.09,0.12,0.17,0.11,0.54,0.21,0.14,0.19,0.14,0.23,0.31,0.19,0.28,0.11,0.24,0.27,0.2,0.27,0.11,0.07,0.18,0.2,0.21,0.22,0.28,0.1,0.14,0.05,0.23,0.27,0.16,0.26,0.19,0.11,0.03,0.28,0.07,0.25,0.43,0.34,0.18,0.19,0.04,0.16,0.19,0.2,0.22,0.21
"groupsInvolved.welfare.",0.11,0.29,0.35,0.3,-0.08,-0.12,0.15,0.02,0.08,0.3,0.3,0.41,0.25,1,0.11,0.08,0.13,0.27,0.22,0.14,0.71,0.39,0.41,0.29,0.41,0.35,0.2,0.28,0.07,0.37,0.52,0.21,0.23,0.1,0.01,0.25,0.46,0.21,0.15,0.23,0.1,0.07,0.1,0.31,0.37,0.32,0.24,0.19,0.12,-0.02,0.11,0.12,0.19,0.1,0.24,0.09,0.01,-0.03,0.1,0.35,0.13,0.18,0.15
"natureOfInvolvement.res.",0.07,0.17,0.21,-0.05,-0.1,0.11,0.2,0.12,0.15,0.08,0.11,0.24,0.22,0.11,1,0.17,0.1,0,0.16,0.08,0.1,0.08,0.18,0.2,0.17,0.17,0.13,0.27,0.15,0.14,0.22,0.08,0.13,0.12,0.14,0.13,0.13,-0.03,0.1,0.22,0.18,0.11,0.09,0.24,0.14,0.08,0.16,0.15,0.2,0.05,0.08,0.12,0.07,0.2,0.19,0.12,0.1,0.02,0.17,0.17,0.06,0.22,0.23
"natureOfInvolvement.busi.",0.06,0.12,0.17,-0.1,0.11,-0.02,0.19,0.05,0.78,0.09,0.1,0.14,0.09,0.08,0.17,1,0.12,0.01,0.15,0.02,0.08,0.15,0.02,0.14,0.15,0.11,0.07,0.25,0.46,0.05,0.15,0.02,0.2,0.19,0.32,-0.02,0.02,0,0.1,0.21,0.13,0.08,0.15,0.26,0.16,0.07,0.15,0.16,0.1,-0.03,-0.07,0.01,0.14,0.12,0.14,0.04,0.16,0.11,0.19,0.13,0.07,0.26,0.27
"natureOfInvolvement.civsoc.",0.01,0.18,0.18,0.19,-0.07,0.01,-0.08,-0.12,0.12,0.69,0.24,0.35,0.12,0.13,0.1,0.12,1,0.24,0.45,-0.01,0.12,0.19,0.16,0.17,0.28,0.22,0.28,0.12,0.06,0.33,0.15,0.44,0.24,0,0,0.11,0.11,0.34,0.14,0.19,0.09,0.16,0,0.21,0.27,0.22,0.25,0.18,0.1,-0.07,0.1,0.05,0.11,0.01,0.04,0.03,0.03,0.01,0.04,0.19,0.02,0.11,0.21
"natureOfInvolvement.policy.",0.09,0.19,0.2,0.24,0.23,0.06,-0.15,-0.06,0.04,0.33,0.59,0.21,0.17,0.27,0,0.01,0.24,1,0.12,0.03,0.13,0.2,0.2,0.21,0.26,0.28,0.33,0.19,0.05,0.23,0.27,0.27,0.36,-0.06,0.04,0.1,0.24,0.27,0.22,0.38,0.16,0.22,0.11,0.23,0.27,0.3,0.21,0.26,0.13,-0.01,0.2,0.08,0.22,0.1,0.16,0.04,0.02,-0.05,0.1,0.18,0.1,0.09,0.17
"natureOfInvolvement.citiz.",0,0.19,0.22,0.24,-0.04,-0.03,0,-0.03,0.16,0.39,0.19,0.63,0.11,0.22,0.16,0.15,0.45,0.12,1,0.09,0.31,0.33,0.31,0.17,0.35,0.28,0.19,0.23,0.11,0.33,0.27,0.23,0.23,0.13,0.08,0.32,0.24,0.19,0.19,0.24,0.17,0.19,-0.02,0.32,0.41,0.33,0.38,0.27,0.16,0,0.14,0.11,0.18,0.1,0.16,0.04,0.14,0.09,0.1,0.24,0.13,0.16,0.2
"natureOfInvolvement.media.",0.03,0.06,0.04,0.18,0.15,-0.09,-0.09,-0.04,0.05,-0.01,0.11,0.09,0.54,0.14,0.08,0.02,-0.01,0.03,0.09,1,0.21,0.03,0.09,0.04,0.13,0.1,0.03,0.1,0.02,0.07,0.07,0.07,0.12,0.07,0.05,0.09,0.13,0.1,0.1,0.03,-0.07,0.06,-0.01,0.06,0.13,0.14,0.1,0.1,0.03,0.01,0.13,0.06,0.11,0.19,0.19,0.06,0.12,-0.01,0.06,0.01,0.05,0.09,0.07
"natureOfInvolvement.welfare.",0.13,0.3,0.29,0.26,-0.01,-0.11,0.08,-0.02,0.11,0.15,0.13,0.37,0.21,0.71,0.1,0.08,0.12,0.13,0.31,0.21,1,0.34,0.39,0.26,0.41,0.29,0.18,0.28,0.13,0.34,0.41,0.18,0.19,0.19,0.14,0.28,0.48,0.24,0.17,0.14,0.1,0.01,0.04,0.31,0.36,0.32,0.31,0.2,0.17,0.03,0.08,0.09,0.15,0.11,0.27,0.04,0.03,0.05,0.12,0.26,0.08,0.18,0.2
"targetGroupsGoals.socneeds.",0.11,0.41,0.46,0.4,0.04,-0.03,0.14,-0.06,0.17,0.32,0.34,0.4,0.14,0.39,0.08,0.15,0.19,0.2,0.33,0.03,0.34,1,0.54,0.43,0.46,0.35,0.33,0.32,0.16,0.5,0.34,0.28,0.36,0.25,0.16,0.42,0.29,0.24,0.3,0.38,0.22,0.17,0.1,0.45,0.5,0.38,0.49,0.31,0.14,0.01,0.12,0.15,0.19,0.08,0.21,0,0.02,0.01,0.11,0.38,0.05,0.29,0.36
"targetGroupsGoals.socgroups.",0.1,0.31,0.32,0.34,0,-0.1,0.12,-0.09,0.05,0.32,0.29,0.42,0.19,0.41,0.18,0.02,0.16,0.2,0.31,0.09,0.39,0.54,1,0.28,0.46,0.36,0.27,0.27,0.01,0.58,0.31,0.27,0.29,0.11,0.01,0.44,0.3,0.21,0.19,0.32,0.22,0.07,0.04,0.35,0.44,0.41,0.37,0.33,0.21,-0.03,0.19,0.06,0.19,0.14,0.25,0.08,0.06,0.04,0.18,0.39,0.13,0.23,0.31
"targetGroupsGoals.improve.",0.19,0.58,0.68,0.16,0.09,0.04,0.3,0.01,0.2,0.21,0.23,0.25,0.14,0.29,0.2,0.14,0.17,0.21,0.17,0.04,0.26,0.43,0.28,1,0.42,0.31,0.31,0.44,0.23,0.34,0.35,0.24,0.3,0.25,0.14,0.26,0.27,0.19,0.22,0.29,0.19,0.16,0.14,0.35,0.3,0.26,0.28,0.14,0.08,0.08,0.01,0.1,0.16,0.16,0.16,0.11,0.14,-0.03,0.15,0.3,0.12,0.39,0.33
"targetGroupsGoals.empower.",0.16,0.4,0.51,0.43,0.09,0,-0.07,0.01,0.14,0.41,0.39,0.41,0.23,0.41,0.17,0.15,0.28,0.26,0.35,0.13,0.41,0.46,0.46,0.42,1,0.49,0.38,0.39,0.24,0.46,0.42,0.39,0.47,0.26,0.15,0.35,0.41,0.3,0.38,0.41,0.28,0.23,0.11,0.45,0.52,0.43,0.45,0.36,0.22,0.04,0.17,0.09,0.27,0.23,0.29,0.03,0.16,0.05,0.21,0.44,0.15,0.32,0.41
"targetGroupsGoals.diversity.",0.05,0.23,0.48,0.33,0.09,0.07,-0.05,-0.06,0.09,0.34,0.35,0.37,0.31,0.35,0.17,0.11,0.22,0.28,0.28,0.1,0.29,0.35,0.36,0.31,0.49,1,0.32,0.4,0.17,0.43,0.36,0.36,0.4,0.16,0.15,0.25,0.22,0.28,0.31,0.36,0.22,0.23,0.05,0.38,0.44,0.45,0.33,0.34,0.22,0.01,0.23,0.06,0.21,0.24,0.26,0.08,0.15,0.08,0.25,0.37,0.13,0.27,0.37
"concepts3",0.12,0.35,0.41,0.31,0.15,0.17,-0.03,-0.17,0.13,0.37,0.51,0.27,0.19,0.2,0.13,0.07,0.28,0.33,0.19,0.03,0.18,0.33,0.27,0.31,0.38,0.32,1,0.33,0.11,0.28,0.28,0.39,0.61,0.24,0.12,0.25,0.26,0.37,0.51,0.5,0.32,0.27,0.16,0.34,0.3,0.4,0.42,0.32,0.21,-0.04,0.2,0.04,0.29,0.07,0.22,0.07,0.09,0,0.1,0.3,0.06,0.36,0.42
"impactTargetGroup.pub.",0.15,0.5,0.57,0.16,0.16,0.1,0.18,0.04,0.29,0.13,0.21,0.28,0.28,0.28,0.27,0.25,0.12,0.19,0.23,0.1,0.28,0.32,0.27,0.44,0.39,0.4,0.33,1,0.51,0.37,0.47,0.31,0.47,0.45,0.34,0.26,0.27,0.16,0.32,0.45,0.26,0.23,0.18,0.5,0.32,0.31,0.43,0.34,0.28,0.12,0.16,0.06,0.17,0.24,0.31,0.19,0.24,0.12,0.2,0.3,0.27,0.55,0.52
"impactTargetGroup.busi.",0.17,0.22,0.24,-0.07,0.27,0.06,0.06,0.2,0.5,0.05,0.08,0.14,0.11,0.07,0.15,0.46,0.06,0.05,0.11,0.02,0.13,0.16,0.01,0.23,0.24,0.17,0.11,0.51,1,0.1,0.21,0.15,0.31,0.27,0.67,0.02,0.03,0.05,0.17,0.19,0.14,0.07,0.09,0.42,0.16,0.05,0.25,0.17,0.18,0.07,-0.05,0.01,0.11,0.08,0.14,0.08,0.22,0.16,0.17,0.14,0.11,0.48,0.33
"impactTargetGroup.socgr.",0.12,0.35,0.37,0.39,0.04,-0.12,0.05,-0.09,0.08,0.43,0.32,0.41,0.24,0.37,0.14,0.05,0.33,0.23,0.33,0.07,0.34,0.5,0.58,0.34,0.46,0.43,0.28,0.37,0.1,1,0.44,0.5,0.32,0.26,0.06,0.63,0.42,0.33,0.29,0.36,0.23,0.25,0.05,0.43,0.53,0.43,0.47,0.36,0.23,0.03,0.17,0.01,0.18,0.19,0.3,0.1,0.15,0.12,0.21,0.44,0.16,0.27,0.33
"impactTargetGroup.welfare.",0.06,0.34,0.41,0.23,-0.06,-0.05,0.18,-0.06,0.13,0.24,0.26,0.42,0.27,0.52,0.22,0.15,0.15,0.27,0.27,0.07,0.41,0.34,0.31,0.35,0.42,0.36,0.28,0.47,0.21,0.44,1,0.3,0.39,0.2,0.02,0.28,0.63,0.24,0.24,0.3,0.18,0.14,0.06,0.38,0.43,0.33,0.31,0.3,0.26,0.05,0.19,0.04,0.15,0.17,0.32,0.1,0.14,0,0.11,0.32,0.22,0.33,0.31
"impactTargetGroup.civsoc.",0.12,0.32,0.31,0.32,0.17,0.1,-0.1,-0.13,0.02,0.57,0.38,0.36,0.2,0.21,0.08,0.02,0.44,0.27,0.23,0.07,0.18,0.28,0.27,0.24,0.39,0.36,0.39,0.31,0.15,0.5,0.3,1,0.52,0.13,0.06,0.25,0.18,0.67,0.36,0.38,0.24,0.3,0.13,0.41,0.45,0.39,0.44,0.27,0.17,-0.04,0.14,0.05,0.2,0.2,0.19,0.05,0.1,0.04,0.22,0.31,0.1,0.29,0.4
"impactTargetGroup.policy.",0.12,0.34,0.42,0.36,0.26,0.25,-0.1,-0.1,0.18,0.34,0.62,0.28,0.27,0.23,0.13,0.2,0.24,0.36,0.23,0.12,0.19,0.36,0.29,0.3,0.47,0.4,0.61,0.47,0.31,0.32,0.39,0.52,1,0.28,0.27,0.17,0.26,0.34,0.67,0.63,0.42,0.32,0.22,0.48,0.42,0.47,0.49,0.43,0.27,0.02,0.2,0.04,0.4,0.2,0.28,0.03,0.11,0.03,0.19,0.37,0.06,0.42,0.53
"kindOfChange.pub.",0.05,0.25,0.29,0.16,0.18,0.06,0.02,0.05,0.21,0.07,0.02,0.12,0.11,0.1,0.12,0.19,0,-0.06,0.13,0.07,0.19,0.25,0.11,0.25,0.26,0.16,0.24,0.45,0.27,0.26,0.2,0.13,0.28,1,0.39,0.35,0.28,0.14,0.37,0.22,0.14,0.14,0.13,0.28,0.2,0.21,0.37,0.2,0.07,0.1,0.12,0.09,0.08,0.13,0.17,0.05,0.04,0.04,0.12,0.25,0.2,0.28,0.35
"kindOfChange.busi.",0.14,0.16,0.21,-0.03,0.25,0.05,-0.02,0.12,0.39,0.03,0.05,0.07,0.07,0.01,0.14,0.32,0,0.04,0.08,0.05,0.14,0.16,0.01,0.14,0.15,0.15,0.12,0.34,0.67,0.06,0.02,0.06,0.27,0.39,1,0.11,0.01,0.03,0.25,0.15,0.08,0.08,0.13,0.34,0.1,0.07,0.22,0.15,0.13,0.02,0.06,0.01,0.07,0.1,0.02,0.03,0.16,0.09,0.14,0.15,0.09,0.26,0.21
"kindOfChange.socgr.",0.11,0.24,0.32,0.31,0.1,-0.05,0.03,0.02,0.07,0.21,0.26,0.3,0.18,0.25,0.13,-0.02,0.11,0.1,0.32,0.09,0.28,0.42,0.44,0.26,0.35,0.25,0.25,0.26,0.02,0.63,0.28,0.25,0.17,0.35,0.11,1,0.44,0.27,0.33,0.29,0.24,0.17,0.05,0.39,0.39,0.31,0.4,0.28,0.17,0,0.11,-0.01,0.15,0.15,0.17,0.04,0.15,0.12,0.17,0.31,0.19,0.23,0.28
"kindOfChange.welfare.",0.09,0.27,0.31,0.21,-0.05,-0.06,0.08,-0.03,0.02,0.16,0.25,0.25,0.2,0.46,0.13,0.02,0.11,0.24,0.24,0.13,0.48,0.29,0.3,0.27,0.41,0.22,0.26,0.27,0.03,0.42,0.63,0.18,0.26,0.28,0.01,0.44,1,0.27,0.34,0.25,0.16,0.19,0.02,0.25,0.37,0.26,0.27,0.29,0.2,-0.01,0.15,0.02,0.19,0.15,0.29,0.07,0.09,0.05,0.09,0.26,0.1,0.21,0.28
"kindOfChange.civsoc.",0.07,0.22,0.27,0.27,0.06,0.02,-0.1,-0.13,0.04,0.45,0.29,0.31,0.21,0.21,-0.03,0,0.34,0.27,0.19,0.1,0.24,0.24,0.21,0.19,0.3,0.28,0.37,0.16,0.05,0.33,0.24,0.67,0.34,0.14,0.03,0.27,0.27,1,0.4,0.29,0.18,0.15,0.18,0.29,0.37,0.33,0.37,0.21,0.06,-0.06,0.13,0.03,0.26,0.23,0.15,0.03,0.06,0.03,0.2,0.24,0.13,0.24,0.32
"kindOfChange.policy.",0.09,0.24,0.36,0.3,0.24,0.2,-0.08,-0.08,0.12,0.28,0.51,0.21,0.22,0.15,0.1,0.1,0.14,0.22,0.19,0.1,0.17,0.3,0.19,0.22,0.38,0.31,0.51,0.32,0.17,0.29,0.24,0.36,0.67,0.37,0.25,0.33,0.34,0.4,1,0.5,0.22,0.3,0.2,0.37,0.34,0.37,0.45,0.4,0.21,-0.05,0.19,0.01,0.43,0.26,0.24,-0.04,0.09,-0.02,0.18,0.3,0.1,0.32,0.46
"adoptByPolicy.rate.",0.14,0.28,0.43,0.25,0.18,0.14,-0.02,0.01,0.21,0.33,0.63,0.28,0.28,0.23,0.22,0.21,0.19,0.38,0.24,0.03,0.14,0.38,0.32,0.29,0.41,0.36,0.5,0.45,0.19,0.36,0.3,0.38,0.63,0.22,0.15,0.29,0.25,0.29,0.5,1,0.56,0.46,0.34,0.46,0.46,0.44,0.51,0.39,0.26,-0.02,0.23,0.06,0.39,0.26,0.34,0.05,0.17,0.05,0.16,0.4,0.17,0.38,0.42
"adoptByPolicyHow.SQ001.",0.03,0.13,0.21,0.16,0.13,0.18,0.04,0,0.12,0.22,0.33,0.25,0.1,0.1,0.18,0.13,0.09,0.16,0.17,-0.07,0.1,0.22,0.22,0.19,0.28,0.22,0.32,0.26,0.14,0.23,0.18,0.24,0.42,0.14,0.08,0.24,0.16,0.18,0.22,0.56,1,0.17,0.27,0.38,0.28,0.31,0.35,0.2,0.13,0.02,0.15,0.02,0.15,0.1,0.21,0,0.06,0.07,0.15,0.29,0.13,0.25,0.29
"adoptByPolicyHow.SQ002.",0.07,0.16,0.22,0.17,0.18,-0.01,-0.08,-0.04,0.08,0.18,0.34,0.14,0.14,0.07,0.11,0.08,0.16,0.22,0.19,0.06,0.01,0.17,0.07,0.16,0.23,0.23,0.27,0.23,0.07,0.25,0.14,0.3,0.32,0.14,0.08,0.17,0.19,0.15,0.3,0.46,0.17,1,0.03,0.26,0.29,0.19,0.25,0.19,0.06,-0.05,0.13,0.05,0.12,0.11,0.19,0.03,0.08,0.07,0.12,0.28,0.11,0.15,0.18
"adoptByPolicyHow.SQ003.",0.05,0.11,0.16,0.03,0.08,0.08,0.08,-0.08,0.15,0.08,0.16,0,0.05,0.1,0.09,0.15,0,0.11,-0.02,-0.01,0.04,0.1,0.04,0.14,0.11,0.05,0.16,0.18,0.09,0.05,0.06,0.13,0.22,0.13,0.13,0.05,0.02,0.18,0.2,0.34,0.27,0.03,1,0.15,-0.01,0.06,0.08,0.06,0.02,0.04,0.04,0.02,0.2,0.12,0.12,0,0.07,0.01,0.16,0.13,0.06,0.15,0.15
"Impactstatements.capab.",0.14,0.41,0.45,0.28,0.17,0.11,0.04,0.03,0.31,0.35,0.34,0.42,0.23,0.31,0.24,0.26,0.21,0.23,0.32,0.06,0.31,0.45,0.35,0.35,0.45,0.38,0.34,0.5,0.42,0.43,0.38,0.41,0.48,0.28,0.34,0.39,0.25,0.29,0.37,0.46,0.38,0.26,0.15,1,0.65,0.46,0.52,0.39,0.3,-0.02,0.18,0.06,0.21,0.17,0.23,-0.02,0.08,0.02,0.28,0.38,0.15,0.45,0.47
"Impactstatements.emanc.",0.14,0.35,0.38,0.36,0.07,-0.05,-0.04,0,0.19,0.43,0.39,0.46,0.27,0.37,0.14,0.16,0.27,0.27,0.41,0.13,0.36,0.5,0.44,0.3,0.52,0.44,0.3,0.32,0.16,0.53,0.43,0.45,0.42,0.2,0.1,0.39,0.37,0.37,0.34,0.46,0.28,0.29,-0.01,0.65,1,0.55,0.54,0.42,0.28,-0.05,0.27,0.11,0.22,0.19,0.34,0.02,0.14,-0.01,0.2,0.41,0.15,0.33,0.37
"Impactstatements.understanding.",0.09,0.36,0.34,0.59,0.18,0,-0.09,-0.15,0.06,0.39,0.4,0.41,0.16,0.32,0.08,0.07,0.22,0.3,0.33,0.14,0.32,0.38,0.41,0.26,0.43,0.45,0.4,0.31,0.05,0.43,0.33,0.39,0.47,0.21,0.07,0.31,0.26,0.33,0.37,0.44,0.31,0.19,0.06,0.46,0.55,1,0.6,0.51,0.31,-0.08,0.25,0,0.25,0.12,0.2,-0.07,0.09,-0.1,0.07,0.28,0.05,0.28,0.35
"Impactstatements.mitig.",0.14,0.41,0.37,0.36,0.2,0.01,0.02,-0.09,0.15,0.35,0.39,0.39,0.26,0.24,0.16,0.15,0.25,0.21,0.38,0.1,0.31,0.49,0.37,0.28,0.45,0.33,0.42,0.43,0.25,0.47,0.31,0.44,0.49,0.37,0.22,0.4,0.27,0.37,0.45,0.51,0.35,0.25,0.08,0.52,0.54,0.6,1,0.43,0.24,0.01,0.13,0.07,0.29,0.21,0.25,0.02,0.21,0.05,0.13,0.33,0.13,0.39,0.45
"Impactstatements.unknown.",0.14,0.26,0.28,0.35,0.09,0.09,-0.08,-0.01,0.12,0.27,0.36,0.31,0.19,0.19,0.15,0.16,0.18,0.26,0.27,0.1,0.2,0.31,0.33,0.14,0.36,0.34,0.32,0.34,0.17,0.36,0.3,0.27,0.43,0.2,0.15,0.28,0.29,0.21,0.4,0.39,0.2,0.19,0.06,0.39,0.42,0.51,0.43,1,0.49,-0.04,0.28,0.01,0.2,0.14,0.32,0.03,0.12,0.04,0.14,0.23,0.11,0.24,0.35
"Impactstatements.unaddressed.",0.18,0.15,0.17,0.14,0.05,0.09,-0.07,0.07,0.05,0.12,0.19,0.21,0.11,0.12,0.2,0.1,0.1,0.13,0.16,0.03,0.17,0.14,0.21,0.08,0.22,0.22,0.21,0.28,0.18,0.23,0.26,0.17,0.27,0.07,0.13,0.17,0.2,0.06,0.21,0.26,0.13,0.06,0.02,0.3,0.28,0.31,0.24,0.49,1,0.02,0.12,-0.02,0.14,0.12,0.11,-0.02,0.06,0.05,0.07,0.13,0.1,0.18,0.23
"dissChannels.peer.",0.02,0.05,0,-0.08,0.02,0.06,0.1,0.04,0.01,-0.1,-0.02,-0.01,0.03,-0.02,0.05,-0.03,-0.07,-0.01,0,0.01,0.03,0.01,-0.03,0.08,0.04,0.01,-0.04,0.12,0.07,0.03,0.05,-0.04,0.02,0.1,0.02,0,-0.01,-0.06,-0.05,-0.02,0.02,-0.05,0.04,-0.02,-0.05,-0.08,0.01,-0.04,0.02,1,-0.04,0.26,0.02,0.11,0.08,0.07,0.03,-0.02,-0.02,0.03,0.06,0.04,0.01
"dissChannels.mono.",-0.09,-0.01,0.07,0.18,-0.03,0.06,-0.13,-0.07,-0.04,0.2,0.22,0.24,0.28,0.11,0.08,-0.07,0.1,0.2,0.14,0.13,0.08,0.12,0.19,0.01,0.17,0.23,0.2,0.16,-0.05,0.17,0.19,0.14,0.2,0.12,0.06,0.11,0.15,0.13,0.19,0.23,0.15,0.13,0.04,0.18,0.27,0.25,0.13,0.28,0.12,-0.04,1,0.1,0.04,0.17,0.27,0.08,0.03,-0.08,0.07,0.19,0.19,0.05,0.09
"dissChannels.conf.",0.02,0.06,0.06,0,-0.01,0.01,0.03,0.08,0.02,0,0,0.18,0.07,0.12,0.12,0.01,0.05,0.08,0.11,0.06,0.09,0.15,0.06,0.1,0.09,0.06,0.04,0.06,0.01,0.01,0.04,0.05,0.04,0.09,0.01,-0.01,0.02,0.03,0.01,0.06,0.02,0.05,0.02,0.06,0.11,0,0.07,0.01,-0.02,0.26,0.1,1,0.03,0.04,0.12,0.08,-0.06,-0.08,0.02,0.09,0.05,0.12,0.09
"dissChannels.policy.",0.06,0.11,0.2,0.15,0.19,-0.02,-0.05,-0.03,0.14,0.19,0.43,0.17,0.25,0.19,0.07,0.14,0.11,0.22,0.18,0.11,0.15,0.19,0.19,0.16,0.27,0.21,0.29,0.17,0.11,0.18,0.15,0.2,0.4,0.08,0.07,0.15,0.19,0.26,0.43,0.39,0.15,0.12,0.2,0.21,0.22,0.25,0.29,0.2,0.14,0.02,0.04,0.03,1,0.17,0.16,0,0.07,0.02,0.14,0.22,0.06,0.25,0.27
"dissChannels.trad.",0.01,0.08,0.2,0.09,0.1,0.13,-0.01,0.03,0.11,0.08,0.17,0.13,0.43,0.1,0.2,0.12,0.01,0.1,0.1,0.19,0.11,0.08,0.14,0.16,0.23,0.24,0.07,0.24,0.08,0.19,0.17,0.2,0.2,0.13,0.1,0.15,0.15,0.23,0.26,0.26,0.1,0.11,0.12,0.17,0.19,0.12,0.21,0.14,0.12,0.11,0.17,0.04,0.17,1,0.27,0.18,0.28,0.12,0.21,0.26,0.28,0.13,0.2
"dissChannels.prof.",0.15,0.17,0.29,0.2,0.15,-0.02,-0.02,-0.02,0.19,0.12,0.23,0.25,0.34,0.24,0.19,0.14,0.04,0.16,0.16,0.19,0.27,0.21,0.25,0.16,0.29,0.26,0.22,0.31,0.14,0.3,0.32,0.19,0.28,0.17,0.02,0.17,0.29,0.15,0.24,0.34,0.21,0.19,0.12,0.23,0.34,0.2,0.25,0.32,0.11,0.08,0.27,0.12,0.16,0.27,1,0.14,0.1,0.05,0.25,0.35,0.2,0.26,0.26
"dissChannels.web.",0,0.06,0.11,-0.09,-0.01,0.07,0.05,0.06,0.08,0.01,0.06,0.1,0.18,0.09,0.12,0.04,0.03,0.04,0.04,0.06,0.04,0,0.08,0.11,0.03,0.08,0.07,0.19,0.08,0.1,0.1,0.05,0.03,0.05,0.03,0.04,0.07,0.03,-0.04,0.05,0,0.03,0,-0.02,0.02,-0.07,0.02,0.03,-0.02,0.07,0.08,0.08,0,0.18,0.14,1,0.23,0.24,0.13,0.07,0.21,0.11,0.12
"dissChannels.socmed.",0.1,0.17,0.16,-0.02,0.06,0.02,0.06,0.08,0.15,0.06,0.09,0.16,0.19,0.01,0.1,0.16,0.03,0.02,0.14,0.12,0.03,0.02,0.06,0.14,0.16,0.15,0.09,0.24,0.22,0.15,0.14,0.1,0.11,0.04,0.16,0.15,0.09,0.06,0.09,0.17,0.06,0.08,0.07,0.08,0.14,0.09,0.21,0.12,0.06,0.03,0.03,-0.06,0.07,0.28,0.1,0.23,1,0.2,0.13,0.1,0.2,0.15,0.08
"dissChannels.platf.",-0.05,0.01,0.02,-0.09,0.04,0.09,0.01,0.04,0.07,0,-0.02,0.04,0.04,-0.03,0.02,0.11,0.01,-0.05,0.09,-0.01,0.05,0.01,0.04,-0.03,0.05,0.08,0,0.12,0.16,0.12,0,0.04,0.03,0.04,0.09,0.12,0.05,0.03,-0.02,0.05,0.07,0.07,0.01,0.02,-0.01,-0.1,0.05,0.04,0.05,-0.02,-0.08,-0.08,0.02,0.12,0.05,0.24,0.2,1,0.12,0.03,0.13,0.07,0.13
"dissChannels.consult.",0.1,0.13,0.23,0.11,0.06,0.08,0,-0.01,0.2,0.15,0.15,0.17,0.16,0.1,0.17,0.19,0.04,0.1,0.1,0.06,0.12,0.11,0.18,0.15,0.21,0.25,0.1,0.2,0.17,0.21,0.11,0.22,0.19,0.12,0.14,0.17,0.09,0.2,0.18,0.16,0.15,0.12,0.16,0.28,0.2,0.07,0.13,0.14,0.07,-0.02,0.07,0.02,0.14,0.21,0.25,0.13,0.13,0.12,1,0.33,0.21,0.2,0.32
"dissChannels.events.",0.19,0.27,0.38,0.25,0.11,0,0,-0.07,0.16,0.33,0.33,0.32,0.19,0.35,0.17,0.13,0.19,0.18,0.24,0.01,0.26,0.38,0.39,0.3,0.44,0.37,0.3,0.3,0.14,0.44,0.32,0.31,0.37,0.25,0.15,0.31,0.26,0.24,0.3,0.4,0.29,0.28,0.13,0.38,0.41,0.28,0.33,0.23,0.13,0.03,0.19,0.09,0.22,0.26,0.35,0.07,0.1,0.03,0.33,1,0.37,0.19,0.29
"dissChannels.public.",0.01,0.09,0.18,0.03,0,0.03,0.07,0.07,0.09,0.03,0.06,0.18,0.2,0.13,0.06,0.07,0.02,0.1,0.13,0.05,0.08,0.05,0.13,0.12,0.15,0.13,0.06,0.27,0.11,0.16,0.22,0.1,0.06,0.2,0.09,0.19,0.1,0.13,0.1,0.17,0.13,0.11,0.06,0.15,0.15,0.05,0.13,0.11,0.1,0.06,0.19,0.05,0.06,0.28,0.2,0.21,0.2,0.13,0.21,0.37,1,0.12,0.12
"scalabilityRating.up.",0.18,0.4,0.45,0.11,0.14,0.08,0.08,0.09,0.28,0.12,0.24,0.22,0.22,0.18,0.22,0.26,0.11,0.09,0.16,0.09,0.18,0.29,0.23,0.39,0.32,0.27,0.36,0.55,0.48,0.27,0.33,0.29,0.42,0.28,0.26,0.23,0.21,0.24,0.32,0.38,0.25,0.15,0.15,0.45,0.33,0.28,0.39,0.24,0.18,0.04,0.05,0.12,0.25,0.13,0.26,0.11,0.15,0.07,0.2,0.19,0.12,1,0.66
"scalabilityRating.out.",0.1,0.35,0.42,0.24,0.15,0.17,0.07,-0.06,0.26,0.19,0.32,0.3,0.21,0.15,0.23,0.27,0.21,0.17,0.2,0.07,0.2,0.36,0.31,0.33,0.41,0.37,0.42,0.52,0.33,0.33,0.31,0.4,0.53,0.35,0.21,0.28,0.28,0.32,0.46,0.42,0.29,0.18,0.15,0.47,0.37,0.35,0.45,0.35,0.23,0.01,0.09,0.09,0.27,0.2,0.26,0.12,0.08,0.13,0.32,0.29,0.12,0.66,1
